DATE,R_F,R_MKT,R_ME,R_IA,R_ROE,R_EG
20190102,0.0091,0.2272,0.7545,0.7047,-0.4741,-1.2837
20190103,0.0091,-2.4492,-0.0086,1.0594,-0.6247,-0.9053
20190104,0.0091,3.5469,0.4359,-0.6260,-0.4650,-0.4879
20190107,0.0091,0.9394,0.5611,-0.7015,-1.1981,-0.7290
20190108,0.0091,1.0137,0.3950,-0.2052,0.0541,-0.4170
20190109,0.0091,0.5344,0.5917,-0.3733,-0.0226,-0.8600
20190110,0.0091,0.3947,-0.1427,-0.2598,-0.3697,-0.2300
20190111,0.0091,-0.0100,0.2296,0.0754,0.1061,0.0067
20190114,0.0091,-0.5964,-0.1897,0.2001,0.4817,-0.4295
20190115,0.0091,1.0571,-0.1032,-0.4211,-0.1213,0.5062
20190116,0.0091,0.2804,0.4395,-0.0880,-0.1228,-0.1262
20190117,0.0091,0.7844,0.1213,-0.0116,0.1930,-0.0067
20190118,0.0091,1.3026,-0.1294,-0.3243,0.2130,-0.0705
20190122,0.0091,-1.5260,-0.3451,0.3357,0.3447,0.3543
20190123,0.0091,0.1557,-0.3815,0.3578,0.3175,0.1681
20190124,0.0091,0.2313,0.5129,-0.2181,-0.3075,-0.1540
20190125,0.0091,0.8979,0.3106,-0.4417,-0.7053,-0.5375
20190128,0.0091,-0.7968,-0.1947,0.2498,0.2871,-0.2458
20190129,0.0091,-0.1927,0.0975,0.4217,0.2349,-0.5257
20190130,0.0091,1.5125,-0.2875,-0.8428,-0.1155,-0.0509
20190131,0.0091,0.9212,-0.7421,0.1270,-1.4617,-0.3096
20190201,0.0095,0.1377,-0.4126,0.0246,-0.3222,-0.2642
20190204,0.0095,0.7219,0.5200,-0.2502,0.2965,0.6569
20190205,0.0095,0.4290,-0.0087,-0.2171,0.6514,0.3132
20190206,0.0095,-0.2213,-0.1154,0.1032,-0.3090,-0.0481
20190207,0.0095,-0.9320,-0.3601,0.1474,0.4973,0.1213
20190208,0.0095,0.0950,-0.2698,-0.2138,-0.3624,-0.0167
20190211,0.0095,0.1450,0.6470,-0.2778,0.0178,-0.1921
20190212,0.0095,1.3606,0.3067,-0.3505,-0.0128,0.3367
20190213,0.0095,0.2787,0.0544,0.1809,0.0912,-0.0127
20190214,0.0095,-0.2055,0.4288,-0.0167,-0.2193,0.1243
20190215,0.0095,1.1314,0.4532,-0.2629,-0.1191,-0.3202
20190219,0.0095,0.1843,0.1553,0.3791,-0.0033,-0.3417
20190220,0.0095,0.1896,0.5199,-0.0917,0.3088,-0.1760
20190221,0.0095,-0.3733,0.1510,0.3348,0.5580,0.2270
20190222,0.0095,0.6460,0.2284,-0.8459,0.3157,0.4709
20190225,0.0095,0.1526,-0.1156,-0.6538,-0.7345,0.2688
20190226,0.0095,-0.1594,-0.6748,-0.1956,0.0978,0.0005
20190227,0.0095,0.0958,-0.1400,-0.5454,-0.4181,0.1525
20190228,0.0095,-0.3090,-0.1908,0.2544,0.1780,0.0262
20190301,0.0092,0.7212,0.4991,-0.2461,-0.3066,-0.0499
20190304,0.0092,-0.5174,-0.3097,0.1165,0.2136,0.0000
20190305,0.0092,-0.1744,-0.3671,-0.0047,0.3131,0.2338
20190306,0.0092,-0.8404,-1.0724,0.0609,0.7048,0.1883
20190307,0.0092,-0.8208,0.0485,-0.0160,-0.2414,-0.2171
20190308,0.0092,-0.2188,0.1453,-0.1334,-0.1814,0.0281
20190311,0.0092,1.4935,0.2901,-0.3834,-0.3653,0.0467
20190312,0.0092,0.2547,-0.2265,0.0860,-0.1839,-0.2327
20190313,0.0092,0.6756,-0.3462,0.1202,-0.2581,-0.0494
20190314,0.0092,-0.0996,-0.2981,0.0099,0.2007,-0.1379
20190315,0.0092,0.4781,-0.2788,-0.1451,-0.2628,0.0660
20190318,0.0092,0.4606,0.3142,-0.0367,-0.1539,-0.2759
20190319,0.0092,-0.0869,-0.4931,-0.1112,-0.3236,0.3789
20190320,0.0092,-0.3791,-0.3433,-0.1551,-0.1469,0.1456
20190321,0.0092,1.1052,0.1446,-0.4165,-0.0346,0.1266
20190322,0.0092,-2.1664,-1.8552,0.6130,0.0544,-0.4698
20190325,0.0092,-0.0483,0.4933,0.1037,0.3731,0.1969
20190326,0.0092,0.7583,-0.0057,0.1604,-0.0342,-0.0761
20190327,0.0092,-0.4964,0.1463,0.2143,0.7302,0.0322
20190328,0.0092,0.4014,0.3963,-0.0624,0.0769,0.3021
20190329,0.0092,0.6601,-0.2474,-0.2723,-0.1464,0.4351
20190401,0.0101,1.1919,-0.0581,-0.3004,0.2854,0.1395
20190402,0.0101,-0.0541,-0.1716,-0.4745,-0.3267,0.3682
20190403,0.0101,0.2687,0.3812,-0.4595,0.0186,0.3168
20190404,0.0101,0.1855,0.4283,0.3321,0.4455,-0.4770
20190405,0.0101,0.5318,0.3438,0.0740,-0.3715,-0.3991
20190408,0.0101,0.0836,-0.2205,-0.0414,0.3574,0.1539
20190409,0.0101,-0.6482,-0.5270,-0.1235,0.2932,0.2262
20190410,0.0101,0.4774,0.9429,-0.2184,0.0681,-0.1200
20190411,0.0101,0.0018,-0.2852,-0.0142,0.3166,-0.1765
20190412,0.0101,0.6402,-0.3724,-0.2346,0.3178,0.0094
20190415,0.0101,-0.0900,-0.1920,0.1514,0.1244,0.0465
20190416,0.0101,0.1309,0.3664,-0.2512,0.1721,0.3198
20190417,0.0101,-0.3186,-0.3147,0.0393,1.0802,0.3263
20190418,0.0101,0.1133,-0.0914,-0.1781,0.2677,0.0232
20190422,0.0101,0.1071,-0.3956,-0.1406,-0.3163,0.0961
20190423,0.0101,0.9693,0.7024,-0.4697,-0.0258,0.4209
20190424,0.0101,-0.2237,0.3002,0.1213,0.2268,0.2603
20190425,0.0101,-0.1360,-0.8851,-0.3267,-0.5201,0.3395
20190426,0.0101,0.5307,0.4860,-0.1419,-0.4167,-0.5177
20190429,0.0101,0.1790,0.2358,-0.2210,-0.2202,-0.1355
20190430,0.0101,-0.0414,-0.8986,0.5054,0.0203,-0.1818
20190501,0.0090,-0.8303,0.0570,0.2580,0.0877,0.4983
20190502,0.0090,-0.1631,0.5246,0.1306,-0.0483,0.0094
20190503,0.0090,1.1314,0.7920,-0.4534,-0.1701,-0.1975
20190506,0.0090,-0.3909,0.6471,0.1220,0.0317,-0.1543
20190507,0.0090,-1.6867,-0.5533,0.4675,0.0622,-0.0156
20190508,0.0090,-0.2135,-0.0509,0.1757,0.3207,-0.3472
20190509,0.0090,-0.2794,0.0180,0.0951,0.2207,-0.0216
20190510,0.0090,0.3487,-0.3709,0.2709,-0.1698,0.0071
20190513,0.0090,-2.6528,-0.8495,0.7531,0.0006,-0.2986
20190514,0.0090,0.9122,0.3451,0.0609,-0.1892,-0.1155
20190515,0.0090,0.5770,-0.1715,-0.3614,0.0508,0.2310
20190516,0.0090,0.9057,-0.4027,-0.4045,0.0895,0.1563
20190517,0.0090,-0.7216,-0.9031,0.3501,-0.1862,-0.3888
20190520,0.0090,-0.6473,-0.1522,0.5332,0.2523,-0.4357
20190521,0.0090,0.9032,0.5890,-0.1664,-0.1527,-0.1943
20190522,0.0090,-0.4050,-0.4246,-0.0228,0.4420,0.7309
20190523,0.0090,-1.3682,-0.7868,0.0704,-0.0052,0.1466
20190524,0.0090,0.2308,0.4897,-0.0385,-0.1734,-0.3493
20190528,0.0090,-0.7800,0.3487,-0.3644,0.3919,0.4943
20190529,0.0090,-0.7070,-0.3495,-0.0541,-0.1995,0.0835
20190530,0.0090,0.1438,-0.3824,-0.2205,0.2144,0.3900
20190531,0.0090,-1.3757,-0.4032,0.3927,-0.2102,-0.0685
20190603,0.0093,-0.3975,0.5404,1.4952,0.2464,-1.0312
20190604,0.0093,2.3223,0.5547,-0.5400,-0.1860,-0.0341
20190605,0.0093,0.6961,-0.9370,-0.4439,0.5977,0.6224
20190606,0.0093,0.5518,-1.1105,0.1341,0.1364,0.3221
20190607,0.0093,1.0416,-0.1013,-0.6742,0.3656,0.3211
20190610,0.0093,0.5364,-0.1525,-0.1533,-0.1179,0.3899
20190611,0.0093,-0.1183,-0.0802,0.3780,0.5990,0.3214
20190612,0.0093,-0.2027,0.2753,-0.1192,0.3054,0.1586
20190613,0.0093,0.5179,0.4093,-0.0837,-0.6773,-0.7241
20190614,0.0093,-0.2747,-0.6158,-0.0329,0.5480,0.1752
20190617,0.0093,0.1474,0.1453,-0.6349,-1.1636,-0.3384
20190618,0.0093,1.0391,0.0928,-0.0136,-0.3880,-0.1584
20190619,0.0093,0.3181,-0.1180,0.1150,-0.0871,0.2033
20190620,0.0093,0.8952,-0.4864,0.0262,-0.1446,-0.0348
20190621,0.0093,-0.2117,-0.4018,0.0245,0.2118,0.1601
20190624,0.0093,-0.3451,-0.6506,-0.0499,0.7857,0.2892
20190625,0.0093,-0.9769,0.3688,0.7994,0.1366,-0.2473
20190626,0.0093,-0.0625,-0.1616,-0.0366,-0.2278,0.0439
20190627,0.0093,0.5952,1.3862,-0.5176,-0.4704,-0.3537
20190628,0.0093,0.6777,0.6779,0.0306,-0.6444,-0.4905
20190701,0.0081,0.7430,-0.5681,-0.0368,0.0010,0.3761
20190702,0.0081,0.1372,-0.8663,-0.2364,0.4023,0.2379
20190703,0.0081,0.7845,-0.2478,-0.2043,-0.3108,-0.1557
20190705,0.0081,-0.0997,0.3348,0.1406,-0.0406,-0.1300
20190708,0.0081,-0.5804,-0.2467,-0.2698,0.2555,-0.1121
20190709,0.0081,0.1857,-0.3918,-0.3404,-0.4169,0.4851
20190710,0.0081,0.4018,-0.3939,-0.0081,-0.4030,0.0863
20190711,0.0081,0.1932,-0.6978,-0.3131,0.1210,0.1123
20190712,0.0081,0.5351,0.3799,0.1023,0.1072,-0.4179
20190715,0.0081,-0.0410,-0.3953,0.1421,0.3498,0.6231
20190716,0.0081,-0.3201,0.4886,-0.0600,0.5232,-0.1714
20190717,0.0081,-0.6353,-0.3720,-0.2538,-0.1321,0.6488
20190718,0.0081,0.3487,-0.2214,0.0919,0.1134,0.0249
20190719,0.0081,-0.5647,0.2947,0.4201,0.0741,-0.2378
20190722,0.0081,0.2447,-0.5104,0.0693,-0.0812,0.3846
20190723,0.0081,0.6456,-0.1116,0.5611,0.1630,-0.0228
20190724,0.0081,0.6631,0.7206,0.0244,-0.6029,-0.4475
20190725,0.0081,-0.6319,-0.2854,-0.0562,1.0182,0.1702
20190726,0.0081,0.8196,0.2280,-0.1067,-0.1745,0.0998
20190729,0.0081,-0.3227,-0.2421,0.2970,0.4016,0.2959
20190730,0.0081,-0.1730,1.1981,0.0240,-1.0314,-0.5056
20190731,0.0081,-1.0900,0.2846,0.2002,0.1204,-0.0472
20190801,0.0087,-1.0448,-0.6355,-0.3159,0.3833,0.9595
20190802,0.0087,-0.8704,-0.1907,0.2643,0.5057,-0.0591
20190805,0.0087,-3.0702,-0.1127,0.4446,0.1459,-0.0399
20190806,0.0087,1.2892,-0.3687,-0.2011,0.3513,0.3022
20190807,0.0087,0.0655,-0.4281,0.1812,0.0373,0.0817
20190808,0.0087,1.9697,-0.1711,-0.5602,-0.0987,0.8143
20190809,0.0087,-0.7836,-0.6705,0.0891,-0.0323,-0.0969
20190812,0.0087,-1.3165,0.0441,0.2736,0.1962,0.2181
20190813,0.0087,1.4656,-0.3391,-0.0368,0.3094,0.4560
20190814,0.0087,-2.9513,-0.2059,0.1064,-0.0171,-0.3412
20190815,0.0087,0.1607,-0.7910,-0.6693,0.1339,0.4146
20190816,0.0087,1.5466,0.6279,0.0581,-0.2209,-0.2994
20190819,0.0087,1.1408,0.0375,-0.1248,0.0276,-0.2239
20190820,0.0087,-0.7571,0.0588,-0.4003,0.0850,-0.0561
20190821,0.0087,0.8472,0.0661,-0.2297,0.1365,0.1276
20190822,0.0087,-0.1019,-0.3952,0.0761,-0.0621,-0.4677
20190823,0.0087,-2.6651,-0.7793,-0.3926,-0.4182,-0.4389
20190826,0.0087,1.0804,-0.1016,0.0054,0.3018,0.2498
20190827,0.0087,-0.4614,-1.0911,0.2474,0.3136,0.5489
20190828,0.0087,0.6774,0.6855,0.1236,-0.2212,-0.4593
20190829,0.0087,1.3483,0.6220,-0.0913,0.0479,0.0408
20190830,0.0087,0.0331,-0.1758,0.0505,0.0576,-0.1523
20190903,0.0089,-0.8650,-0.9981,0.5303,-0.2013,-0.1523
20190904,0.0089,1.0846,-0.0458,-0.0324,0.0146,-0.4667
20190905,0.0089,1.4230,0.6967,0.2195,0.2994,0.5094
20190906,0.0089,-0.0189,-0.2094,0.4612,0.0215,-0.2462
20190909,0.0089,0.0744,1.8116,0.5302,0.3881,-0.6530
20190910,0.0089,0.1659,1.5595,0.2428,-0.5260,-0.6449
20190911,0.0089,0.8763,1.2359,0.1204,-0.4837,-0.5360
20190912,0.0089,0.2242,-0.4892,0.1546,0.0847,0.2725
20190913,0.0089,-0.0155,0.3636,0.0062,0.2727,0.0356
20190916,0.0089,-0.2307,0.9220,-0.3177,-0.6664,-0.2240
20190917,0.0089,0.1662,-0.9190,-0.2891,0.3436,0.0198
20190918,0.0089,-0.0470,-0.7953,0.0798,0.3223,0.2242
20190919,0.0089,-0.0527,-0.5706,-0.2152,-0.0898,-0.0138
20190920,0.0089,-0.4769,0.1340,-0.0839,-0.3795,-0.3200
20190923,0.0089,-0.0238,-0.0117,0.3017,0.0796,-0.1506
20190924,0.0089,-1.0067,-0.6228,0.3729,0.4587,-0.0724
20190925,0.0089,0.6957,0.5106,0.0313,0.5784,0.1603
20190926,0.0089,-0.4057,-0.9878,0.3573,0.2895,-0.0296
20190927,0.0089,-0.6175,0.1310,0.5690,0.4000,-0.0407
20190930,0.0089,0.5001,-0.2297,-0.1111,0.5024,0.4847
20191001,0.0067,-1.3099,-0.8028,-0.0433,0.4994,0.4897
20191002,0.0067,-1.7317,0.5996,-0.2519,-0.3094,0.0168
20191003,0.0067,0.7986,-0.5884,-0.3306,-0.4619,0.4802
20191004,0.0067,1.3860,-0.4029,-0.1239,0.2359,0.3973
20191007,0.0067,-0.4089,0.1175,-0.4197,-0.1369,0.1236
20191008,0.0067,-1.6132,-0.1489,0.0375,0.3238,-0.2066
20191009,0.0067,0.9187,-0.6430,-0.1268,0.2505,0.3836
20191010,0.0067,0.5993,-0.0915,-0.1806,0.0685,-0.0787
20191011,0.0067,1.2309,0.7025,0.1514,0.0966,0.2354
20191014,0.0067,-0.1810,-0.3401,-0.0913,0.1148,0.2130
20191015,0.0067,1.0258,0.4675,-0.6644,-0.0082,0.2949
20191016,0.0067,-0.2444,0.6337,0.3624,0.2797,-0.3128
20191017,0.0067,0.3668,0.9206,-0.0064,0.0336,0.0053
20191018,0.0067,-0.4858,0.0485,0.6223,0.4025,-0.3958
20191021,0.0067,0.7057,0.4263,0.1755,0.1510,0.0804
20191022,0.0067,-0.3407,0.5964,0.6387,-0.0974,-0.7093
20191023,0.0067,0.2551,0.0523,-0.1782,0.1814,-0.1840
20191024,0.0067,0.2550,-0.6562,-0.7602,-0.2264,0.6723
20191025,0.0067,0.5050,0.5152,-0.0185,0.0607,0.4250
20191028,0.0067,0.6227,0.4019,0.0109,0.1075,0.1540
20191029,0.0067,-0.1277,0.2983,0.1458,-0.3032,-0.3033
20191030,0.0067,0.2754,-0.8652,0.4404,-0.1998,0.0966
20191031,0.0067,-0.3796,-0.3698,0.0572,-0.2095,-0.0042
20191101,0.0060,1.0779,0.7121,0.2576,-0.6269,-0.8110
20191104,0.0060,0.3967,0.3774,0.3960,-0.2761,-0.4670
20191105,0.0060,-0.0267,0.3554,0.0015,-0.0268,0.0068
20191106,0.0060,-0.0530,-0.9181,0.0955,0.3558,-0.0374
20191107,0.0060,0.3837,0.0911,-0.1416,-0.3192,-0.2373
20191108,0.0060,0.3085,0.0130,0.2684,-0.1083,-0.0255
20191111,0.0060,-0.1914,-0.1316,-0.3121,0.0830,-0.4618
20191112,0.0060,0.1583,-0.0602,-0.3539,0.3174,0.4320
20191113,0.0060,0.0072,-0.5737,-0.1136,-0.0022,0.0866
20191114,0.0060,0.0702,-0.2113,-0.1611,0.1285,0.0232
20191115,0.0060,0.7404,-0.3246,0.0039,-0.4063,0.1712
20191118,0.0060,0.0239,-0.3713,-0.3110,0.6055,0.1140
20191119,0.0060,0.0207,0.0383,-0.1318,-0.4464,0.0733
20191120,0.0060,-0.3315,-0.4486,-0.1868,-0.7124,-0.3065
20191121,0.0060,-0.1423,-0.3001,-0.0039,-0.1114,-0.1147
20191122,0.0060,0.2399,0.3427,0.1232,0.0780,-0.0362
20191125,0.0060,0.9194,1.3398,-0.0150,-0.0544,0.2826
20191126,0.0060,0.1900,0.0657,-0.3579,0.4976,0.3491
20191127,0.0060,0.4431,0.2029,-0.0005,-0.0945,0.3697
20191129,0.0060,-0.4187,-0.1234,-0.0343,-0.1466,-0.0427
20191202,0.0068,-0.8741,-0.1190,0.1167,0.0708,-0.1340
20191203,0.0068,-0.6587,0.3940,-0.5402,-0.0536,-0.1292
20191204,0.0068,0.6021,0.1376,0.3414,0.0303,0.2947
20191205,0.0068,0.1308,0.1164,0.1751,0.6684,0.1285
20191206,0.0068,0.9130,0.3900,0.1256,-0.2722,-0.2038
20191209,0.0068,-0.3254,0.3920,-0.0792,-0.0505,-0.2812
20191210,0.0068,-0.0787,0.2194,0.1554,-0.1725,-0.1411
20191211,0.0068,0.2825,-0.2244,0.2157,0.3048,-0.1109
20191212,0.0068,0.8966,0.0838,0.4580,-0.6302,-0.2151
20191213,0.0068,-0.0346,-0.5077,-0.3658,0.0622,0.4275
20191216,0.0068,0.7372,0.0381,0.1973,-0.2594,0.1291
20191217,0.0068,0.0987,0.4920,0.0202,-0.0199,-0.0258
20191218,0.0068,-0.0474,0.3442,-0.1142,-0.1285,-0.2599
20191219,0.0068,0.4312,-0.2487,-0.0217,-0.3112,-0.0809
20191220,0.0068,0.4781,-0.3991,0.0616,0.0991,0.1033
20191223,0.0068,0.0971,0.2381,0.2717,-0.8233,-0.4571
20191224,0.0068,0.0123,0.4386,0.1122,-0.2179,-0.1780
20191226,0.0068,0.4849,-0.4821,-0.1648,0.3972,0.3794
20191227,0.0068,-0.0954,-0.5232,0.0489,0.3451,0.2394
20191230,0.0068,-0.5707,0.4078,0.4773,0.0689,-0.0940
20191231,0.0068,0.2755,0.0924,0.2751,-0.3737,-0.1222
20200102,0.0055,0.8625,-1.1226,-0.1701,0.0681,0.3382
20200103,0.0055,-0.6728,0.2341,-0.1923,-0.1558,0.0703
20200106,0.0055,0.3604,-0.3587,-0.4079,-0.4792,0.0552
20200107,0.0055,-0.1922,-0.1394,-0.3228,-0.5110,-0.2717
20200108,0.0055,0.4669,-0.1073,-0.1197,0.4543,0.6225
20200109,0.0055,0.6488,-0.6839,-0.0647,0.2945,0.5224
20200110,0.0055,-0.3352,-0.2362,-0.2053,0.0400,0.3383
20200113,0.0055,0.7292,-0.1992,0.2095,0.3052,0.0733
20200114,0.0055,-0.0559,0.4740,-0.1102,-0.9924,-0.7172
20200115,0.0055,0.1635,0.3051,-0.2651,-0.1100,0.1206
20200116,0.0055,0.8792,0.5370,-0.0322,-0.0233,0.2008
20200117,0.0055,0.2788,-0.4806,0.1980,0.6544,0.6326
20200121,0.0055,-0.3219,-0.6326,-0.3440,0.2038,0.1580
20200122,0.0055,0.0792,-0.0066,-0.0860,0.3531,0.1190
20200123,0.0055,0.0757,-0.3019,-0.0449,-0.0187,0.0408
20200124,0.0055,-0.9683,-0.6511,-0.0110,0.2647,0.2662
20200127,0.0055,-1.5575,0.3044,0.0989,0.0575,0.0739
20200128,0.0055,1.0253,-0.0134,-0.1375,-0.1389,0.2357
20200129,0.0055,-0.1041,-0.6464,0.3471,-0.2480,0.1533
20200130,0.0055,0.3373,-0.4481,-0.1615,0.3039,-0.3060
20200131,0.0055,-1.7390,-0.7135,-0.5671,-0.7632,-0.2057
20200203,0.0064,0.8387,0.1938,-0.1801,-0.0762,0.2756
20200204,0.0064,1.5682,-0.2755,-0.1523,0.1431,0.1911
20200205,0.0064,0.9705,1.1338,0.6403,0.0791,-0.6023
20200206,0.0064,0.2706,-0.7867,-0.4612,-0.2140,0.3620
20200207,0.0064,-0.5491,-0.9374,-0.4841,0.3179,0.3009
20200210,0.0064,0.7274,-0.2780,-0.5028,0.3665,0.4288
20200211,0.0064,0.2748,0.1206,0.2761,-0.8041,-0.5455
20200212,0.0064,0.6602,0.3247,0.0025,0.1620,0.0772
20200213,0.0064,-0.0908,0.1447,-0.3896,0.3239,0.2580
20200214,0.0064,0.1465,-0.5180,-0.3500,0.1194,0.2012
20200218,0.0064,-0.1896,-0.1582,-0.5661,-0.4536,-0.0614
20200219,0.0064,0.6006,0.3436,-0.4763,0.1527,-0.1174
20200220,0.0064,-0.3475,0.6089,-0.2675,-0.2193,-0.5863
20200221,0.0064,-1.1195,-0.1748,0.2653,-0.0160,-0.4526
20200224,0.0064,-3.3866,-0.0956,0.2765,-0.0937,-0.0062
20200225,0.0064,-3.0906,-0.4750,0.0772,0.3794,0.8922
20200226,0.0064,-0.5253,-0.9198,0.2579,0.1582,1.6103
20200227,0.0064,-4.2259,0.3499,0.0922,-0.4076,0.0037
20200228,0.0064,-0.7826,-0.0699,-0.4903,-0.4399,-0.5965
20200302,0.0058,4.3112,-1.7145,0.7963,1.1824,1.0477
20200303,0.0058,-2.7932,0.5843,0.0482,0.0910,-0.1160
20200304,0.0058,4.0261,-0.9108,0.3572,0.2955,0.4520
20200305,0.0058,-3.3784,-0.3666,-0.0768,-0.2051,0.8260
20200306,0.0058,-1.7818,-0.1835,0.2347,1.3572,1.2044
20200309,0.0058,-7.7820,-1.0467,0.2342,2.6176,2.9377
20200310,0.0058,4.7411,-2.2713,0.2026,0.0906,-0.1451
20200311,0.0058,-5.0539,-0.8174,0.1602,0.7959,1.1038
20200312,0.0058,-9.6288,-2.0929,0.1469,-0.1098,1.8460
20200313,0.0058,8.9646,-1.4066,0.9723,0.5958,0.2346
20200316,0.0058,-12.0028,-1.6113,1.1434,0.9842,0.9081
20200317,0.0058,5.8754,-0.3376,-0.0701,0.5476,2.1502
20200318,0.0058,-5.5592,-4.2556,0.3040,1.4454,3.2996
20200319,0.0058,1.3086,6.4324,-1.3923,-0.7648,-1.7171
20200320,0.0058,-4.1468,0.2493,-0.8651,-1.4346,0.1795
20200323,0.0058,-2.5530,1.6509,-1.3318,-0.8782,2.0487
20200324,0.0058,9.3351,0.1349,0.3824,-0.4541,-1.9822
20200325,0.0058,1.1755,0.1420,-0.2711,-0.9965,-3.0943
20200326,0.0058,6.0195,-0.6238,0.2868,0.5122,0.2334
20200327,0.0058,-3.4759,-1.0942,0.8768,-0.0315,0.7123
20200330,0.0058,3.1651,-0.7945,0.1078,0.9549,1.3300
20200331,0.0058,-1.4379,0.9867,0.1718,-0.1764,0.1659
20200401,0.0000,-4.4966,-2.3910,0.3487,0.4639,0.6615
20200402,0.0000,2.0957,-1.1851,0.9073,-0.9054,-0.2047
20200403,0.0000,-1.6402,-1.3636,0.2238,-0.5128,-0.2193
20200406,0.0000,7.0834,1.9520,-0.9099,0.6385,-0.3613
20200407,0.0000,-0.1069,0.3305,-0.6762,0.4716,-0.6326
20200408,0.0000,3.4074,0.8286,-0.2618,-1.0579,-1.0143
20200409,0.0000,1.5860,2.3515,-0.0538,-0.6477,-0.7626
20200413,0.0000,-0.9099,-1.3377,-0.0054,-0.3479,0.6473
20200414,0.0000,3.0242,-0.6717,-0.5514,0.6571,0.7902
20200415,0.0000,-2.1440,-2.0147,-0.1886,0.2182,1.3095
20200416,0.0000,0.6234,-0.6723,-0.1588,0.9506,1.6545
20200417,0.0000,2.7240,1.2515,0.2373,-1.2739,-1.9215
20200420,0.0000,-1.5664,0.3725,-0.2909,-1.1630,0.7170
20200421,0.0000,-3.0826,0.8254,0.6151,-0.0733,-0.5245
20200422,0.0000,2.3113,-0.7047,0.4996,0.2617,0.4494
20200423,0.0000,0.1243,1.0931,-0.3389,-0.6765,-0.9194
20200424,0.0000,1.4384,0.4375,0.1132,-0.1330,-0.0659
20200427,0.0000,1.7271,1.9955,0.1694,-0.5111,-0.8798
20200428,0.0000,-0.4498,1.8482,0.3629,0.4769,-1.4694
20200429,0.0000,2.9192,2.4832,-0.3363,0.4916,-0.9134
20200430,0.0000,-1.1784,-1.9788,0.0379,0.6531,1.2474
20200501,0.0003,-2.9057,-0.5588,-0.0168,0.7855,0.6983
20200504,0.0003,0.5351,-0.3792,-0.5409,-1.3247,-0.1949
20200505,0.0003,0.9479,-0.4436,-0.5824,-0.4259,0.6048
20200506,0.0003,-0.5203,0.0743,-0.6634,0.2322,0.8171
20200507,0.0003,1.3262,0.1142,-0.8409,-0.4918,-0.0771
20200508,0.0003,1.8959,1.7340,0.4943,-0.1198,-0.8579
20200511,0.0003,0.0665,0.1465,-0.1709,0.1867,0.2666
20200512,0.0003,-2.0619,-1.3249,-0.1404,-1.0943,-0.6815
20200513,0.0003,-1.8886,-1.4023,-0.3238,1.0542,1.0435
20200514,0.0003,1.1425,-0.6922,0.3614,0.0760,-0.1430
20200515,0.0003,0.5689,1.3431,-0.7291,0.1047,0.0018
20200518,0.0003,3.2397,2.3788,0.5541,-0.7442,-1.7156
20200519,0.0003,-1.0091,-0.5234,-0.9829,0.4231,0.2452
20200520,0.0003,1.7980,0.6710,0.1446,-0.9515,-0.2393
20200521,0.0003,-0.7047,0.7413,-0.2679,-0.1162,0.0375
20200522,0.0003,0.2748,0.2154,-0.5197,-0.0392,-0.0388
20200526,0.0003,1.2313,1.6096,0.5305,0.2091,-0.7601
20200527,0.0003,1.5383,1.7199,0.4464,0.4670,-0.3305
20200528,0.0003,-0.4101,-1.9704,0.0249,0.5060,0.7737
20200529,0.0003,0.5986,-0.7170,-0.1491,0.6762,1.1114
20200601,0.0005,0.5167,0.4302,-0.1081,-0.7513,-0.9739
20200602,0.0005,0.8068,-0.1301,0.1758,-0.4130,-0.6281
20200603,0.0005,1.4152,0.4137,0.4201,-0.3443,-1.0897
20200604,0.0005,-0.3417,0.9408,0.5378,-0.1507,-1.2535
20200605,0.0005,2.5012,0.4600,0.2392,-1.3410,-1.6443
20200608,0.0005,1.3910,0.5955,0.6817,-1.8089,-4.6163
20200609,0.0005,-0.8521,-0.4803,-0.5212,1.6592,1.8254
20200610,0.0005,-0.5654,-1.6717,-0.4650,1.5571,2.9320
20200611,0.0005,-5.9059,-1.4323,-0.4178,1.6703,2.1327
20200612,0.0005,1.2942,0.8981,0.3258,-1.0993,-1.6941
20200615,0.0005,1.0933,1.7339,-0.4069,-0.1986,0.0525
20200616,0.0005,1.8666,0.3478,0.1324,-0.0315,0.0362
20200617,0.0005,-0.4037,-1.2192,-0.1475,0.4459,1.2228
20200618,0.0005,0.1853,-0.1493,-0.2919,-0.3591,-0.4667
20200619,0.0005,-0.4517,-0.1246,-0.3752,-0.1419,0.9547
20200622,0.0005,0.7095,0.3835,-0.3827,-0.2634,0.0335
20200623,0.0005,0.4192,0.4179,-0.0676,-0.1675,-0.2032
20200624,0.0005,-2.6124,-0.3768,0.1216,1.1443,1.2442
20200625,0.0005,1.1193,0.5706,0.3201,-0.3900,0.6962
20200626,0.0005,-2.4351,-0.3264,0.2183,0.5312,0.4403
20200629,0.0005,1.5084,1.3204,0.3468,1.0546,-0.7228
20200630,0.0005,1.5801,-0.0852,-0.0641,0.2258,0.6822
20200701,0.0004,0.4096,-1.3094,-1.3659,0.0324,0.8821
20200702,0.0004,0.4942,0.2258,0.2487,0.2404,0.3592
20200706,0.0004,1.6465,-0.4586,-0.0456,0.2302,0.1938
20200707,0.0004,-1.0243,-0.6648,-0.4927,0.2541,0.4253
20200708,0.0004,0.9141,-0.0822,-0.5515,-0.4020,-0.1499
20200709,0.0004,-0.5329,-1.1990,-0.8962,0.9401,1.7874
20200710,0.0004,1.1074,0.5902,0.5075,0.0352,-0.7957
20200713,0.0004,-1.1955,-0.2416,1.3651,0.6692,-0.2422
20200714,0.0004,1.3535,0.7066,0.5983,-0.2197,-0.5396
20200715,0.0004,1.1425,1.9855,0.4672,-1.7750,-2.0550
20200716,0.0004,-0.3737,-0.1126,0.1677,0.1346,-0.2895
20200717,0.0004,0.2932,0.0254,-0.2383,-0.4061,0.1438
20200720,0.0004,1.0157,-0.6477,-1.6104,0.9901,2.0994
20200721,0.0004,0.1565,0.8701,1.2907,-0.8050,-1.9135
20200722,0.0004,0.4944,-0.3683,-0.1807,0.4322,0.0215
20200723,0.0004,-1.2045,1.2669,0.2698,-0.2275,-1.1231
20200724,0.0004,-0.7471,-0.7528,-0.1977,0.5030,0.2497
20200727,0.0004,0.8817,0.6761,0.0060,0.6449,1.0146
20200728,0.0004,-0.8129,-0.5194,0.0270,0.1704,-0.5585
20200729,0.0004,1.3528,0.6949,0.1605,0.0238,-0.1087
20200730,0.0004,-0.2942,-0.0233,-0.8225,-0.1439,0.6004
20200731,0.0004,0.6133,-1.7188,0.0320,1.8478,1.2580
20200803,0.0004,0.9801,1.2753,0.3782,-0.3010,0.0531
20200804,0.0004,0.3715,0.3514,0.1583,-0.6435,-0.8115
20200805,0.0004,0.7793,1.0149,0.2299,-0.3648,-1.0321
20200806,0.0004,0.5265,-0.4657,-0.2643,0.9582,-0.0408
20200807,0.0004,0.0200,1.5746,0.5897,-0.3350,-1.0612
20200810,0.0004,0.2354,0.6584,1.4008,-1.4797,-1.7682
20200811,0.0004,-0.8327,0.0187,0.1979,-0.1734,-0.6563
20200812,0.0004,1.3987,-0.7987,-0.4828,1.0403,1.0904
20200813,0.0004,-0.0128,-0.0928,-0.7008,-0.0315,0.3307
20200814,0.0004,-0.0420,-0.0863,0.3764,-0.0350,-0.5851
20200817,0.0004,0.4466,0.2116,-0.4564,0.3206,0.5823
20200818,0.0004,0.2237,-1.1476,-0.6832,0.6301,1.0414
20200819,0.0004,-0.3738,0.4696,-0.2751,0.2999,0.0754
20200820,0.0004,0.3103,-0.8256,-0.7334,0.5973,1.3014
20200821,0.0004,0.2517,-1.1572,0.1687,0.8726,0.7464
20200824,0.0004,0.9222,-0.1537,0.5797,-0.5130,-1.4485
20200825,0.0004,0.3527,0.0014,-0.6814,-0.3674,0.2702
20200826,0.0004,0.9999,-1.4817,-1.3219,0.6204,1.3630
20200827,0.0004,0.1780,-0.2404,-0.6584,-0.4930,-0.7980
20200828,0.0004,0.6962,0.2261,0.1355,-1.1692,-1.0289
20200831,0.0004,-0.0403,-1.2222,-0.7264,-0.1202,0.7358
20200901,0.0004,0.9200,0.3776,-0.0750,1.1316,1.0014
20200902,0.0004,1.2743,-0.1041,-0.1790,0.3367,0.1815
20200903,0.0004,-3.6974,0.0525,0.4324,-1.0945,-1.5496
20200904,0.0004,-0.8734,-0.0468,0.9248,-0.2235,-0.9974
20200908,0.0004,-2.9085,0.8704,-0.1915,-0.9966,-1.0618
20200909,0.0004,2.0670,-0.1908,-0.5313,0.9837,1.3280
20200910,0.0004,-1.6368,0.4991,-0.5091,-0.0833,0.1406
20200911,0.0004,-0.0571,-0.3932,0.4481,-0.0557,-0.1806
20200914,0.0004,1.5893,0.7409,-0.1305,-1.3546,-0.8765
20200915,0.0004,0.5672,-0.5994,-0.9435,-0.0465,0.4608
20200916,0.0004,-0.3935,1.0744,0.8308,-1.5455,-1.6086
20200917,0.0004,-0.8458,0.3449,0.8657,-0.3496,-0.4646
20200918,0.0004,-0.8850,0.9240,-0.3517,-0.4780,-0.1759
20200921,0.0004,-1.0826,-2.2249,-1.2025,1.7765,2.4528
20200922,0.0004,1.0073,-0.2606,-0.7410,0.9077,0.4083
20200923,0.0004,-2.4778,-0.8697,-0.2353,0.1458,0.2127
20200924,0.0004,0.2522,-0.1435,0.1080,1.3388,0.8080
20200925,0.0004,1.7147,-0.2530,-0.9915,-0.2847,0.2354
20200928,0.0004,1.6579,0.8974,0.3524,0.2761,-0.3565
20200929,0.0004,-0.4215,0.4623,-0.6345,0.4599,0.9402
20200930,0.0004,0.7948,-0.5270,0.1369,0.3581,-0.0121
20201001,0.0003,0.7915,0.8343,-0.5710,0.2143,0.2268
20201002,0.0003,-0.9614,1.2443,0.6684,-0.6104,-1.2831
20201005,0.0003,1.9302,0.8252,0.3859,-0.2075,0.1086
20201006,0.0003,-1.2797,0.8048,-0.2123,-0.1110,0.2447
20201007,0.0003,1.8396,0.3468,0.2864,-0.7671,-0.7003
20201008,0.0003,0.7972,0.1165,0.4335,-0.4785,-0.7958
20201009,0.0003,0.9257,-0.1325,-0.5868,0.6064,1.0405
20201012,0.0003,1.5344,-0.9269,0.1400,1.2729,1.3014
20201013,0.0003,-0.4127,-0.0526,-0.9652,-0.3037,0.5679
20201014,0.0003,-0.6539,-0.1004,0.6360,-0.0255,-0.5956
20201015,0.0003,-0.0783,0.8994,0.3030,-0.3398,-0.5114
20201016,0.0003,-0.0636,-0.0832,-0.0531,-0.1510,0.0508
20201019,0.0003,-1.5295,0.1908,-0.1841,-0.4483,-0.4003
20201020,0.0003,0.3438,-0.2220,0.2404,0.3052,-0.3703
20201021,0.0003,-0.3567,-0.6560,-0.0922,-0.0321,0.3894
20201022,0.0003,0.6649,0.1973,0.4493,-2.4130,-1.3617
20201023,0.0003,0.3803,0.2696,-0.3866,-0.2167,-0.1347
20201026,0.0003,-1.8511,-0.3887,-0.4215,1.0018,1.2033
20201027,0.0003,-0.2347,-0.5044,-0.8802,0.4390,1.2585
20201028,0.0003,-3.4161,0.2209,-0.3079,0.3415,0.6157
20201029,0.0003,1.1291,-0.1141,0.3596,-0.6865,-0.3960
20201030,0.0003,-1.4542,-0.1760,0.4087,-0.0806,-0.4178
20201102,0.0003,1.1664,1.0718,0.7590,0.5315,-0.4142
20201103,0.0003,1.9331,0.9244,-0.2314,-0.6062,-0.4659
20201104,0.0003,2.2473,-2.0743,-1.7655,0.3203,1.6153
20201105,0.0003,2.1302,1.1202,0.5155,0.1597,0.0624
20201106,0.0003,0.0078,-1.0029,-0.1907,-0.0715,0.6887
20201109,0.0003,0.8650,0.2350,1.9352,-6.8182,-6.5047
20201110,0.0003,-0.1656,1.8230,1.5043,-0.1682,-1.3124
20201111,0.0003,0.8818,-0.3707,-0.7502,1.1046,1.6614
20201112,0.0003,-0.9425,-0.6243,-0.3969,-0.0816,0.9388
20201113,0.0003,1.3111,0.5383,0.7772,-1.0608,-1.6145
20201116,0.0003,1.2232,0.6842,1.1316,-0.8478,-1.4636
20201117,0.0003,-0.1881,0.5744,-0.4346,-0.5059,-0.2537
20201118,0.0003,-0.9332,0.0403,-0.4181,-0.2906,-0.0767
20201119,0.0003,0.5837,0.1684,-0.3636,-0.4431,0.1654
20201120,0.0003,-0.5077,0.4328,0.1668,-0.2767,0.3423
20201123,0.0003,0.8244,1.0950,0.6718,-2.0196,-2.3600
20201124,0.0003,1.5629,0.1657,0.9081,-0.9386,-1.4771
20201125,0.0003,0.0264,-0.1170,-0.7436,-0.2742,0.6182
20201127,0.0003,0.4260,0.2512,-0.2350,-0.3850,0.6659
20201130,0.0003,-0.5284,-1.3468,-0.1413,0.4585,0.7042
20201201,0.0003,0.9824,-0.1835,0.0251,0.6207,0.3898
20201202,0.0003,0.1123,-0.2027,0.7803,-1.0948,-0.9078
20201203,0.0003,0.1768,0.1318,0.4069,-0.5698,-0.5740
20201204,0.0003,1.0142,1.0428,1.0514,-1.7358,-1.2969
20201207,0.0003,0.0323,0.0334,-0.7502,0.2316,0.5016
20201208,0.0003,0.4778,0.4259,0.0419,-1.2302,-0.4658
20201209,0.0003,-1.0325,0.1966,0.4781,0.1582,-0.9040
20201210,0.0003,0.2369,0.5338,-0.5970,-1.8944,-0.6398
20201211,0.0003,-0.1842,-0.8250,-1.0677,-0.0412,0.5442
20201214,0.0003,-0.2576,0.5876,-0.9023,0.6848,1.4893
20201215,0.0003,1.2837,1.0918,0.3039,0.7983,-0.1489
20201216,0.0003,0.1638,-0.3152,-0.3180,0.3359,0.2285
20201217,0.0003,0.7821,0.6186,-0.4938,-0.5038,-0.1835
20201218,0.0003,-0.1396,-0.2444,-0.9686,-0.0781,0.5623
20201221,0.0003,-0.2287,0.9853,0.1152,-0.3345,0.0470
20201222,0.0003,0.0618,1.2263,-0.6221,0.0547,0.4483
20201223,0.0003,0.1129,0.5829,0.8029,-1.1858,-1.2574
20201224,0.0003,0.2176,-0.2072,-0.3242,0.9400,0.3959
20201228,0.0003,0.4809,-0.5103,-0.0257,1.0050,0.8209
20201229,0.0003,-0.3899,-1.3743,-0.1712,0.5041,0.2066
20201230,0.0003,0.2755,0.9788,0.0277,-1.1711,-0.7599
20201231,0.0003,0.3886,-0.5541,-0.2805,0.5533,0.5295
20210104,0.0002,-1.4083,0.4014,0.4060,-0.1839,-0.6163
20210105,0.0002,0.8633,1.0506,0.6855,-0.6704,-0.6887
20210106,0.0002,0.7895,3.1246,1.3431,-0.3224,-1.8810
20210107,0.0002,1.7643,0.1256,-0.6301,-0.7847,-0.2646
20210108,0.0002,0.5112,-1.1680,-0.8643,-0.3897,0.2919
20210111,0.0002,-0.5139,0.4120,0.6988,-0.4606,-1.0008
20210112,0.0002,0.3817,1.4646,0.6046,-1.0650,-1.0968
20210113,0.0002,0.0723,-0.8087,-0.1508,0.3093,0.2241
20210114,0.0002,-0.1123,2.3001,0.7812,-1.3862,-1.3535
20210115,0.0002,-0.8638,-0.8329,-0.6604,1.0474,0.9118
20210119,0.0002,0.9190,0.7569,0.2547,-0.3809,-0.2396
20210120,0.0002,1.2659,-0.7377,-0.3792,1.1179,0.6929
20210121,0.0002,-0.0362,-0.1000,0.1594,1.8073,0.7009
20210122,0.0002,-0.0718,1.5069,0.2918,-0.1523,-0.2718
20210125,0.0002,0.2871,-0.1579,0.6901,0.3514,0.0204
20210126,0.0002,-0.3182,0.4484,1.5453,1.2447,-0.1199
20210127,0.0002,-2.5318,1.2339,2.6210,-0.9185,-1.6660
20210128,0.0002,0.9209,-1.9014,-1.9703,-0.5587,0.7010
20210129,0.0002,-1.8383,0.6852,0.4337,-0.5560,-0.9734
20210201,0.0002,1.7296,1.0955,-1.5564,0.4784,0.6231
20210202,0.0002,1.4787,-0.8565,-2.3281,-0.6414,-0.0647
20210203,0.0002,0.1546,0.7421,0.6934,-0.9095,-1.6112
20210204,0.0002,1.2285,0.6852,-0.4507,-0.2914,0.0687
20210205,0.0002,0.5733,1.0215,0.2879,-0.4379,-0.2560
20210208,0.0002,0.9598,2.1721,0.7552,-1.6167,-1.2930
20210209,0.0002,0.0493,1.0852,-0.3739,0.1437,0.4387
20210210,0.0002,-0.0773,-0.4540,-0.0033,-0.5006,-0.9906
20210211,0.0002,0.1957,-0.1553,-0.1380,0.7454,1.2771
20210212,0.0002,0.4898,-0.1979,0.0303,-0.7264,-0.4279
20210216,0.0002,-0.1451,-0.3895,0.3276,-0.7404,-1.1090
20210217,0.0002,-0.2044,-0.8959,0.1073,-0.2190,-0.4849
20210218,0.0002,-0.6336,-1.5152,-0.6993,0.7428,1.2581
20210219,0.0002,0.1632,1.8937,0.6582,-1.2909,-1.1080
20210222,0.0002,-1.1287,0.2563,1.2561,-0.9426,-1.6068
20210223,0.0002,-0.1420,-1.2872,0.1159,0.4793,0.2217
20210224,0.0002,1.1494,1.5832,0.6554,-1.2037,-1.1020
20210225,0.0002,-2.7370,-1.0635,0.6630,0.5062,0.5642
20210226,0.0002,-0.2801,0.6755,-0.6668,0.4818,0.1508
20210301,0.0001,2.6272,1.4673,0.2308,0.5611,-0.1493
20210302,0.0001,-1.0543,-0.7380,0.3842,-0.0845,-0.7769
20210303,0.0001,-1.5708,0.3750,1.4582,0.1092,-1.0111
20210304,0.0001,-1.6956,-1.4839,0.5686,-0.0339,-0.1563
20210305,0.0001,1.8517,0.2233,0.8764,0.5021,0.0363
20210308,0.0001,-0.6735,1.3973,1.1820,-0.2136,-1.7040
20210309,0.0001,1.7935,0.6457,-0.6956,-0.2081,0.9518
20210310,0.0001,0.6765,1.3451,0.5774,-0.6741,-1.1140
20210311,0.0001,1.4314,1.0825,-0.7461,-0.4870,0.4004
20210312,0.0001,0.1119,0.3853,0.6018,-0.2378,-0.8182
20210315,0.0001,0.6915,-0.1520,-0.1821,0.5769,-0.1525
20210316,0.0001,-0.4205,-1.4716,-0.1567,1.2728,1.5765
20210317,0.0001,0.3475,0.9547,0.2024,-0.0097,-0.4173
20210318,0.0001,-1.8724,-0.7982,0.4074,1.2885,0.2329
20210319,0.0001,0.2412,0.7605,-0.5016,-0.3494,-0.1555
20210322,0.0001,0.5521,-1.5981,-0.4762,0.8114,1.0740
20210323,0.0001,-1.1740,-3.1204,-1.0469,0.7340,1.2176
20210324,0.0001,-0.9926,-1.9685,0.5750,0.1669,-0.2290
20210325,0.0001,0.6740,2.0472,1.0913,-0.6696,-1.1061
20210326,0.0001,1.5481,0.3425,0.8613,0.9603,0.3070
20210329,0.0001,-0.4993,-2.6214,-0.1566,0.5093,0.7888
20210330,0.0001,-0.0313,2.0553,-0.1857,-0.1358,-0.8893
20210331,0.0001,0.6261,0.7073,-0.2057,-0.1172,0.5153
20210401,0.0001,1.2708,0.4680,-0.4407,-0.0687,0.2985
20210405,0.0001,1.2685,-0.4933,-0.3512,1.3188,1.0011
20210406,0.0001,0.0140,-0.3879,-0.4049,0.2131,-0.2337
20210407,0.0001,-0.1191,-1.5407,-0.0585,0.5168,0.3691
20210408,0.0001,0.6202,0.2779,-0.7813,0.2757,0.5090
20210409,0.0001,0.6473,-0.5148,-0.1466,1.0021,0.5616
20210412,0.0001,-0.0535,-0.5317,-0.6335,0.7412,0.6441
20210413,0.0001,0.4115,-0.8421,-0.7456,-0.3613,0.6274
20210414,0.0001,-0.3467,1.1087,1.3121,-0.8523,-0.8689
20210415,0.0001,1.0453,-0.8894,-0.8912,0.4187,0.9266
20210416,0.0001,0.2676,-0.2314,0.2665,0.7117,0.1874
20210419,0.0001,-0.7292,-0.6823,0.4381,0.1805,-0.0833
20210420,0.0001,-0.9347,-1.4490,-0.7014,0.3034,0.5467
20210421,0.0001,1.1130,1.6095,0.3713,-0.7713,-0.8451
20210422,0.0001,-0.7700,0.5858,-0.3109,-0.5896,-0.5054
20210423,0.0001,1.2628,0.7353,0.1471,0.1363,0.1967
20210426,0.0001,0.4218,0.9817,0.0504,-0.8903,-0.3106
20210427,0.0001,-0.0253,0.0759,0.2894,-0.1071,-0.3919
20210428,0.0001,-0.0653,0.1586,-0.0895,-1.0386,-0.6430
20210429,0.0001,0.3892,-0.5586,0.0636,0.9043,0.0800
20210430,0.0001,-0.8258,-0.7190,-0.6175,0.0508,0.0090
20210503,0.0000,0.1735,1.0931,0.9693,0.8547,-0.1228
20210504,0.0000,-0.8902,-0.4183,1.0496,1.0623,-1.2879
20210505,0.0000,-0.0547,-0.0476,0.4804,0.6180,-0.5538
20210506,0.0000,0.4771,-0.0958,0.3862,1.6868,0.9302
20210507,0.0000,0.8374,0.4134,0.5351,-0.3718,-0.3831
20210510,0.0000,-1.3619,-1.3381,0.6837,0.3214,-0.5426
20210511,0.0000,-0.6271,0.5791,-0.0760,-0.6666,0.4138
20210512,0.0000,-2.3441,-1.2607,0.1977,-0.3864,-0.3188
20210513,0.0000,1.0246,0.3912,0.1609,1.9318,0.7511
20210514,0.0000,1.8067,0.9538,0.2401,-0.8021,-0.3605
20210517,0.0000,-0.2361,0.8880,1.2066,-0.0854,-0.9103
20210518,0.0000,-0.6856,-0.0526,-0.5178,-1.3427,-0.2275
20210519,0.0000,-0.3396,-0.6464,-0.5390,0.1690,0.7084
20210520,0.0000,1.1455,-0.7206,-0.5608,-0.3971,0.7231
20210521,0.0000,-0.0375,0.4775,-0.0193,-0.2099,-0.4585
20210524,0.0000,0.9941,-0.3855,-0.2535,0.2986,0.3374
20210525,0.0000,-0.3000,-0.7377,-0.2085,0.5363,0.6153
20210526,0.0000,0.4686,1.9110,0.5043,-0.0356,-0.3635
20210527,0.0000,0.2820,1.2499,0.5503,-0.2851,-0.8202
20210528,0.0000,0.0406,-0.5902,-0.3830,-0.3390,0.3456
20210601,0.0000,0.0334,1.5000,0.8316,-0.0278,-1.0884
20210602,0.0000,0.1219,-0.0469,0.8651,-0.3207,-0.6438
20210603,0.0000,-0.5313,-0.1696,0.4445,0.1443,-0.2026
20210604,0.0000,0.8980,-0.5788,-0.5071,0.1641,0.7014
20210607,0.0000,0.1530,1.0601,-0.1627,-0.6787,0.2180
20210608,0.0000,0.1886,1.0552,0.1572,-0.2473,-0.1378
20210609,0.0000,-0.2977,-0.4016,0.0162,-0.2555,0.4730
20210610,0.0000,0.3991,-2.0027,-1.4847,-1.1612,0.4633
20210611,0.0000,0.3701,0.8853,-0.0507,-0.1358,-0.0415
20210614,0.0000,0.1480,-0.8941,-0.7286,-0.1776,0.8177
20210615,0.0000,-0.3029,0.0524,0.4748,0.4819,-0.8173
20210616,0.0000,-0.4532,0.2952,-0.2096,-0.4679,0.1887
20210617,0.0000,0.0101,-1.4576,-1.7461,-0.0709,1.5365
20210618,0.0000,-1.2258,-0.7774,-1.0596,-0.2973,0.3551
20210621,0.0000,1.3476,0.6322,0.4429,-0.1222,-0.7071
20210622,0.0000,0.5819,0.2135,0.1752,0.9807,0.5888
20210623,0.0000,0.0091,0.6419,-0.3791,-0.4415,0.0946
20210624,0.0000,0.6871,0.8600,0.1891,-0.2585,-0.0897
20210625,0.0000,0.3193,-0.4534,0.2146,-0.2697,0.0277
20210628,0.0000,0.2102,-0.2720,-0.6559,0.8617,1.8490
20210629,0.0000,0.0010,-0.3790,0.0304,0.6352,0.7770
20210630,0.0000,0.0713,0.1973,0.7423,0.5139,-0.7912
20210701,0.0001,0.4270,0.5036,0.5346,0.0225,-0.2929
20210702,0.0001,0.5562,-1.5763,-0.2385,0.4977,0.6435
20210706,0.0001,-0.2771,-1.0618,-1.3016,0.4282,1.5129
20210707,0.0001,0.0944,-0.5423,0.3216,1.5508,0.5956
20210708,0.0001,-0.8574,-0.1330,-0.0169,-0.1266,-0.1056
20210709,0.0001,1.2513,1.1248,0.6537,0.0706,-0.1641
20210712,0.0001,0.2266,0.2818,-0.1183,0.7485,0.0922
20210713,0.0001,-0.5574,-1.0384,0.0330,0.8511,0.5180
20210714,0.0001,-0.2587,-0.8681,0.5776,2.0338,0.9508
20210715,0.0001,-0.3803,-0.2582,0.1179,0.3727,-0.1741
20210716,0.0001,-0.7673,-0.5633,-1.0880,0.0574,0.7641
20210719,0.0001,-1.4126,0.1535,-1.4821,0.0243,1.0555
20210720,0.0001,1.6944,0.8160,0.2377,-0.5052,-0.3369
20210721,0.0001,0.9501,0.6767,0.3886,-0.9311,-0.8430
20210722,0.0001,0.0910,-1.4910,-0.6454,0.7852,0.7542
20210723,0.0001,0.9787,-0.2389,-0.3464,0.8667,0.9515
20210726,0.0001,0.1815,0.2092,0.9238,0.2945,-0.5380
20210727,0.0001,-0.6618,-0.4793,0.2727,0.0936,-0.4265
20210728,0.0001,0.2719,0.8732,-0.7363,-1.3241,-0.2127
20210729,0.0001,0.4113,0.5431,0.3318,0.9909,0.0951
20210730,0.0001,-0.6527,0.0664,0.0456,0.6705,0.5417
20210802,0.0002,-0.1205,0.0890,-0.6407,0.5380,0.6569
20210803,0.0002,0.7246,-0.1604,0.3259,1.0734,0.7241
20210804,0.0002,-0.3918,-0.9985,-1.5479,0.1808,1.2355
20210805,0.0002,0.7407,0.8792,-0.3380,-1.0375,-0.6803
20210806,0.0002,0.0938,0.5471,0.8674,0.1041,-0.7469
20210809,0.0002,0.0079,-0.3507,-0.6720,-0.0893,0.1470
20210810,0.0002,0.0580,0.6903,1.2136,0.6668,-0.3156
20210811,0.0002,0.1913,0.3848,0.7362,0.5608,-0.2764
20210812,0.0002,0.2428,-0.6908,-0.1084,0.3296,0.4469
20210813,0.0002,0.0042,-1.0918,-0.0538,0.6230,0.4775
20210816,0.0002,-0.0490,-0.6393,0.1828,1.6602,0.9786
20210817,0.0002,-0.8035,-0.9260,0.0524,-0.7667,-0.4591
20210818,0.0002,-0.9530,0.0035,-0.5717,-0.3469,0.0759
20210819,0.0002,-0.1471,-1.0200,-0.7694,1.0181,1.4989
20210820,0.0002,0.9188,0.7174,-0.4743,-0.2814,0.2522
20210823,0.0002,1.0753,0.6988,-0.0952,-1.2545,-0.6211
20210824,0.0002,0.4062,0.4467,-0.0796,-0.7746,-0.5295
20210825,0.0002,0.2598,0.1685,0.1633,-0.3427,-0.2473
20210826,0.0002,-0.6474,-0.3708,-0.1994,0.0237,0.1555
20210827,0.0002,1.0731,1.5925,0.4001,-0.5760,-0.3975
20210830,0.0002,0.3456,-0.7621,-0.3354,0.5938,0.5806
20210831,0.0002,-0.1318,0.1684,-0.0355,-0.7572,-0.6948
20210901,0.0002,0.1077,0.3052,-0.5658,-0.2679,0.2463
20210902,0.0002,0.3594,0.1822,0.5757,-0.6029,-1.0102
20210903,0.0002,-0.0144,-0.5742,-0.2745,0.3942,0.6223
20210907,0.0002,-0.3607,-0.5351,0.2882,-0.1341,-0.0250
20210908,0.0002,-0.3401,-0.8209,0.2451,-0.2389,-0.1174
20210909,0.0002,-0.2729,0.3797,-0.0968,-0.2515,-0.2153
20210910,0.0002,-0.7573,0.1571,-0.1280,0.2049,-0.1470
20210913,0.0002,0.1373,0.2263,1.3148,-0.2693,-0.7593
20210914,0.0002,-0.6615,-0.7384,-0.6432,0.4919,0.9888
20210915,0.0002,0.8818,0.1631,0.6119,0.0343,-0.5042
20210916,0.0002,-0.0337,-0.0969,-0.7585,0.1176,0.1388
20210917,0.0002,-0.7276,0.8150,-0.8754,-0.8928,-0.3832
20210920,0.0002,-1.8614,-0.5714,0.2432,0.3397,0.1664
20210921,0.0002,0.0495,0.2625,-0.6257,-0.0400,0.1982
20210922,0.0002,0.9965,0.3035,0.4582,0.0109,-0.2365
20210923,0.0002,1.2816,0.6676,0.5963,-0.4954,-0.9229
20210924,0.0002,0.0849,-0.3633,0.3262,0.4979,0.0266
20210927,0.0002,-0.1018,1.8411,1.2885,-0.2820,-1.6946
20210928,0.0002,-2.1779,0.0032,1.4127,0.3995,-1.0480
20210929,0.0002,0.0337,-0.2833,0.4200,0.5815,0.1047
20210930,0.0002,-1.0221,-0.4674,-0.4326,-1.4400,-0.2858
20211001,0.0002,1.1043,0.4957,0.8664,0.0910,-0.3700
20211004,0.0002,-1.4343,0.4777,1.4344,0.4244,-0.9443
20211005,0.0002,1.0509,-0.4628,-0.4381,0.1977,0.5723
20211006,0.0002,0.3331,-1.1686,-0.6970,0.1595,0.6972
20211007,0.0002,1.0117,0.6162,-0.2619,0.1106,0.1508
20211008,0.0002,-0.2752,-0.3314,0.8556,-0.0356,-0.4424
20211011,0.0002,-0.7202,0.1815,0.0824,-0.1309,0.0089
20211012,0.0002,-0.0615,0.3907,-0.5694,-0.9134,-0.3037
20211013,0.0002,0.4271,-0.3886,-0.8605,-0.6376,0.3203
20211014,0.0002,1.6563,-0.3057,-0.1297,0.1429,0.3853
20211015,0.0002,0.6282,-0.9044,-0.0146,0.3366,0.2840
20211018,0.0002,0.4082,-0.1455,-0.4429,1.1091,0.8563
20211019,0.0002,0.7104,-0.5400,0.0514,-0.3594,0.0920
20211020,0.0002,0.3400,0.1601,0.5387,0.1920,-0.3383
20211021,0.0002,0.3662,0.1248,-0.8002,0.6307,1.0268
20211022,0.0002,-0.2544,0.1384,0.9274,0.3260,-0.5582
20211025,0.0002,0.5790,0.3888,-0.5160,0.0594,0.0600
20211026,0.0002,0.0389,-0.9147,-0.0701,-0.3231,-0.2111
20211027,0.0002,-0.7615,-0.7214,-0.8614,1.2252,1.5570
20211028,0.0002,1.1394,0.9361,-0.4383,0.0440,-0.1421
20211029,0.0002,0.2137,0.1181,-0.8012,0.5140,0.5274
20211101,0.0002,0.5129,1.8201,0.1134,-1.1677,-1.0984
20211102,0.0002,0.2405,-0.2397,-0.2614,0.3617,0.7793
20211103,0.0002,0.7967,1.5797,-0.5419,0.5744,0.3882
20211104,0.0002,0.3927,-0.3028,-0.8667,0.4558,0.6514
20211105,0.0002,0.3795,0.4673,1.4707,-0.0345,-1.5550
20211108,0.0002,0.1817,0.1823,-0.3673,-0.4561,-0.2268
20211109,0.0002,-0.3456,-0.1695,-0.2094,0.4003,-0.1400
20211110,0.0002,-1.0647,-0.1905,0.4325,0.9364,0.2853
20211111,0.0002,0.1948,1.0285,-0.1885,0.6468,0.0167
20211112,0.0002,0.7328,-0.1777,-0.6178,0.6753,0.8365
20211115,0.0002,-0.0557,-0.4638,0.5571,0.5724,0.2147
20211116,0.0002,0.4666,0.1081,-0.9728,0.8147,0.8098
20211117,0.0002,-0.4255,-0.6840,0.0105,0.8657,0.7217
20211118,0.0002,0.1009,-0.7016,-0.2753,1.5256,1.3224
20211119,0.0002,-0.2197,-0.5291,-0.8126,0.7706,1.3627
20211122,0.0002,-0.5892,0.6643,1.9441,1.5134,-0.9383
20211123,0.0002,-0.0305,-0.1011,1.5560,-0.1719,-0.7654
20211124,0.0002,0.3066,-0.2780,-0.3473,-0.6971,-0.0997
20211126,0.0002,-2.2249,-1.2249,-0.8785,0.1401,0.8187
20211129,0.0002,1.0962,-1.2817,-0.5000,0.6678,0.7799
20211130,0.0002,-1.9495,-0.0804,0.2565,0.1236,0.7118
20211201,0.0003,-1.6080,-0.3209,0.9879,1.7594,1.0958
20211202,0.0003,1.5125,1.0555,0.4746,-0.4202,-1.3552
20211203,0.0003,-1.2075,-0.8864,1.3073,0.7514,0.4106
20211206,0.0003,1.1918,0.8506,0.9507,-0.2424,-0.7512
20211207,0.0003,2.2192,0.1218,-0.8876,-0.4412,0.0710
20211208,0.0003,0.4670,0.1358,-0.0971,-0.7505,-0.1346
20211209,0.0003,-1.0720,-0.8081,1.0015,1.0024,0.1330
20211210,0.0003,0.7007,-0.7482,0.8007,1.3763,0.5347
20211213,0.0003,-1.0407,-0.7508,-0.4281,-0.7325,0.5751
20211214,0.0003,-0.7608,-0.3732,0.3922,0.6488,0.0958
20211215,0.0003,1.6239,0.1164,-0.8437,0.4163,1.2433
20211216,0.0003,-1.2006,-1.0127,1.3418,-0.5489,-0.7040
20211217,0.0003,-0.6500,0.9558,-0.8025,-1.9325,-0.2503
20211220,0.0003,-1.2688,-0.2505,0.2956,-0.0273,0.2343
20211221,0.0003,2.0592,0.6586,-0.2595,-0.2449,-0.9655
20211222,0.0003,0.9664,0.3514,0.1136,0.7098,0.3921
20211223,0.0003,0.7147,0.3168,-0.2721,-0.2107,-0.1308
20211227,0.0003,1.2234,0.2117,0.5047,1.6635,0.8675
20211228,0.0003,-0.2717,-0.5528,0.4655,0.4943,0.1027
20211229,0.0003,0.0598,0.1658,-0.0785,0.9210,0.4216
20211230,0.0003,-0.1486,-0.1074,-0.5167,-0.8715,-0.4149
20211231,0.0003,-0.3126,0.3196,0.4497,0.4943,-0.1255
20220103,0.0002,0.7296,0.4429,1.1197,-1.0782,-1.0953
20220104,0.0002,-0.2907,0.4997,2.4155,0.5824,-1.3730
20220105,0.0002,-2.2800,-0.8405,1.8371,0.7947,-0.4335
20220106,0.0002,-0.0009,0.3000,0.4241,-0.0832,-0.3341
20220107,0.0002,-0.4817,-1.3340,1.2773,-0.8384,-0.7330
20220110,0.0002,-0.1486,-0.4138,-0.4488,-0.1589,0.7217
20220111,0.0002,1.0987,-0.0964,0.1996,-0.2386,-0.7372
20220112,0.0002,0.1198,-0.7647,0.4344,0.8393,0.3577
20220113,0.0002,-1.5658,1.1410,1.5546,0.7197,-0.8106
20220114,0.0002,0.0807,-0.1972,0.7113,-0.5786,-0.3466
20220118,0.0002,-2.0798,-1.0265,1.2295,0.5021,0.1364
20220119,0.0002,-1.0138,-0.3975,0.0227,-0.1451,0.5613
20220120,0.0002,-1.1439,-0.9683,0.1458,-0.6709,0.0168
20220121,0.0002,-2.0981,0.2572,0.8241,0.6261,0.5448
20220124,0.0002,0.5282,1.9102,-1.0812,0.2989,0.1747
20220125,0.0002,-1.4287,0.1585,2.2298,-0.2332,-1.6632
20220126,0.0002,-0.3043,-0.7658,0.1353,0.7007,0.6116
20220127,0.0002,-0.7867,-1.3872,0.9788,0.8438,0.1889
20220128,0.0002,2.4462,-0.7102,-0.6304,0.1748,0.6363
20220131,0.0002,2.3397,0.3768,-2.5780,-1.2001,0.0730
20220201,0.0001,0.8735,0.2278,0.6931,-0.7117,-1.3783
20220202,0.0001,0.4831,-1.1411,0.7958,2.0760,0.5346
20220203,0.0001,-2.4906,0.4680,1.7938,-0.1020,-1.0086
20220204,0.0001,0.8932,-0.8811,-1.4438,-1.8672,0.0347
20220207,0.0001,-0.2448,0.7103,0.0621,-0.8904,-0.8734
20220208,0.0001,1.0190,0.8205,-0.7099,0.3606,0.9786
20220209,0.0001,1.6083,0.1929,-0.6770,-0.7302,-0.4215
20220210,0.0001,-1.6927,-0.1964,0.5481,-0.5782,-0.6605
20220211,0.0001,-1.9195,1.0665,1.9982,-0.3059,-1.2000
20220214,0.0001,-0.3476,0.0057,-0.3852,0.4641,0.9630
20220215,0.0001,1.8693,0.7377,-0.8526,-0.7108,0.2643
20220216,0.0001,-0.0216,0.0619,0.5689,0.2668,-0.2144
20220217,0.0001,-2.2824,0.0830,1.6483,0.5976,-0.3098
20220218,0.0001,-0.8703,0.3183,0.4032,1.2501,0.1691
20220222,0.0001,-1.1758,-0.4430,0.3525,-0.1369,0.0529
20220223,0.0001,-1.9638,0.1375,1.4968,-0.0988,-0.5221
20220224,0.0001,1.8866,0.5132,-3.0057,-1.2495,0.5079
20220225,0.0001,2.2328,0.0660,-0.1142,0.1614,-0.5171
20220228,0.0001,0.0487,0.4099,0.1190,-0.3594,-0.5815
20220301,0.0003,-1.5649,-0.0624,0.1323,0.2541,-0.4438
20220302,0.0003,1.8116,0.7974,0.6980,0.8144,0.2873
20220303,0.0003,-0.8790,-0.0987,1.4583,1.0496,-0.1229
20220304,0.0003,-1.0977,-0.2445,1.3834,0.7450,-0.5406
20220307,0.0003,-3.1190,0.6893,1.7033,-0.9721,-1.1417
20220308,0.0003,-0.5156,1.0635,0.0663,-0.3926,-1.1196
20220309,0.0003,2.7964,-0.0745,-1.9438,-0.6538,1.1027
20220310,0.0003,-0.4735,0.4870,0.9717,0.1200,-1.0380
20220311,0.0003,-1.4911,-0.2321,1.1749,0.4904,-0.3781
20220314,0.0003,-1.0565,-0.8152,0.4360,1.0540,0.8562
20220315,0.0003,2.1483,-0.3898,-1.6761,0.4922,1.5713
20220316,0.0003,2.6126,0.2643,-1.9416,-0.9816,0.6494
20220317,0.0003,1.4322,0.4942,-0.5402,-0.6542,-0.7541
20220318,0.0003,1.3282,-0.2377,-1.2408,-0.1315,0.6027
20220321,0.0003,-0.1758,-0.6776,1.7147,0.6460,-0.6212
20220322,0.0003,1.3064,-0.4157,-1.0776,-0.6425,0.3706
20220323,0.0003,-1.2553,-0.6001,1.7395,-0.1247,-0.8706
20220324,0.0003,1.4219,-0.4716,-0.2744,-0.3674,0.2126
20220325,0.0003,0.2661,-0.2050,1.8235,0.6549,-0.6852
20220328,0.0003,0.7264,-1.2303,-1.7231,-0.1733,1.2497
20220329,0.0003,1.4464,0.8444,-1.4909,-0.8991,0.3303
20220330,0.0003,-0.8270,-0.9844,1.1707,0.0379,-0.5092
20220331,0.0003,-1.5466,0.2865,0.2938,-0.7317,-0.3325
20220401,0.0002,0.3864,0.4689,0.0842,-0.8944,-0.3396
20220404,0.0002,0.9386,-0.6631,-1.1986,-0.2320,0.4308
20220405,0.0002,-1.5423,-0.7225,0.3573,0.1517,-0.1242
20220406,0.0002,-1.2410,-0.2767,1.2706,-0.3215,-0.6409
20220407,0.0002,0.3272,-0.2011,0.1300,0.8996,0.5412
20220408,0.0002,-0.3893,-0.1341,1.3187,0.5251,-0.5766
20220411,0.0002,-1.5335,0.4317,0.1541,-0.3217,-0.1585
20220412,0.0002,-0.2913,0.7532,0.9921,0.5295,-0.1191
20220413,0.0002,1.3988,0.5763,-0.0632,-0.2021,-0.2098
20220414,0.0002,-1.2805,0.4885,1.4608,0.0349,-0.7679
20220418,0.0002,-0.2026,-0.2152,0.7686,1.6498,0.1891
20220419,0.0002,1.7670,0.0582,-1.4039,-0.0880,0.5321
20220420,0.0002,-0.2727,0.7277,1.5427,0.4647,-0.4214
20220421,0.0002,-1.7473,-0.7874,0.5182,0.6481,0.6670
20220422,0.0002,-2.7368,0.0116,-0.2663,-0.3546,0.0855
20220425,0.0002,0.7040,0.0518,-1.3595,0.1720,0.9788
20220426,0.0002,-2.9990,0.0259,1.1659,0.9034,-0.6805
20220427,0.0002,0.1298,-0.3703,0.6986,0.5138,-0.1056
20220428,0.0002,2.4487,-0.2290,-0.3511,1.3254,0.9255
20220429,0.0002,-3.5345,0.9126,0.6208,-0.1425,-0.1038
20220502,0.0015,0.8024,0.3476,-1.4067,0.0032,0.0364
20220503,0.0015,0.4090,0.4507,1.5879,0.4798,0.0896
20220504,0.0015,3.0016,-0.2365,-0.0301,0.8212,0.0871
20220505,0.0015,-3.8016,-0.1591,1.7401,0.3370,-0.0788
20220506,0.0015,-0.8534,-0.8236,1.3119,1.0609,0.8696
20220509,0.0015,-3.5399,-0.2622,-0.3574,2.0786,0.9491
20220510,0.0015,0.2049,-0.4045,0.0220,-0.1146,0.9004
20220511,0.0015,-1.9452,-0.5335,1.7156,0.2388,0.3454
20220512,0.0015,0.1715,1.2171,-1.4325,-0.6482,-0.6511
20220513,0.0015,2.7606,0.3482,-0.9787,-1.5771,-0.9063
20220516,0.0015,-0.5968,0.3632,1.6146,0.2390,-0.2827
20220517,0.0015,2.1433,0.8918,-0.2053,-0.8652,-0.8800
20220518,0.0015,-4.0503,0.2835,1.0672,-1.1459,-0.7054
20220519,0.0015,-0.3287,0.3712,-0.8983,-1.3180,-0.5851
20220520,0.0015,-0.0516,-0.3608,0.1380,-0.3787,0.2558
20220523,0.0015,1.7411,-0.5677,1.4771,0.6279,0.3143
20220524,0.0015,-1.2270,-0.4517,1.7413,0.5590,0.2548
20220525,0.0015,1.2199,1.0018,-0.1638,0.2937,0.1861
20220526,0.0015,2.1822,-0.0113,-0.3317,0.2744,0.1080
20220527,0.0015,2.5817,-0.0099,-0.6483,-0.0110,0.5521
20220531,0.0015,-0.7116,-0.5566,-0.5300,0.0092,0.3036
20220601,0.0027,-0.7491,0.2252,0.8923,-0.2080,0.7728
20220602,0.0027,2.0898,0.1021,-1.8273,-0.4873,0.2711
20220603,0.0027,-1.6330,1.2071,0.6480,-0.6732,-0.5179
20220606,0.0027,0.3269,-0.1756,0.1342,0.4944,0.0738
20220607,0.0027,0.9935,0.4237,0.7367,-0.4287,-0.0739
20220608,0.0027,-1.0185,-0.3713,-0.2465,-0.5119,-0.2689
20220609,0.0027,-2.4391,0.6193,0.1972,0.8224,0.2673
20220610,0.0027,-3.0026,0.3713,0.6628,0.6921,0.0278
20220613,0.0027,-4.1274,-0.3803,-0.1462,1.5603,0.8962
20220614,0.0027,-0.2544,0.0233,-0.1277,1.0038,-0.0139
20220615,0.0027,1.5542,-0.3229,-1.4830,-1.1537,0.1392
20220616,0.0027,-3.5204,-1.0882,-0.3954,-0.2120,-0.0265
20220617,0.0027,0.4672,0.0294,-2.3308,-1.2877,-0.3467
20220621,0.0027,2.3782,-0.5219,0.0068,0.4323,0.3677
20220622,0.0027,-0.1838,-0.2287,-1.9060,-0.4429,-0.2696
20220623,0.0027,1.1298,-0.1212,-2.9125,-1.3512,-0.4728
20220624,0.0027,3.1145,-0.3919,-0.3609,0.4431,0.4255
20220627,0.0027,-0.2808,1.1161,1.5911,0.7211,0.0705
20220628,0.0027,-2.0953,0.3084,2.0095,0.2791,-0.0390
20220629,0.0027,-0.1959,-0.5941,-1.3080,0.5517,0.5149
20220630,0.0027,-0.9555,0.4873,-0.1951,0.7008,-0.3083
20220701,0.0041,1.1448,-0.3245,-0.1209,-1.0269,-0.9369
20220705,0.0041,0.4853,0.5594,-2.1099,-1.7464,-0.1960
20220706,0.0041,0.1717,-0.8600,-0.0861,0.3485,0.6797
20220707,0.0041,1.7699,0.9015,-0.9516,-1.0484,0.0109
20220708,0.0041,-0.0734,0.0817,-0.0801,-0.0868,-0.2153
20220711,0.0041,-1.3911,-0.7564,0.9111,1.7856,0.5245
20220712,0.0041,-0.8792,0.9247,1.0115,-0.1582,-1.1681
20220713,0.0041,-0.3918,0.4709,-0.3848,-0.2641,0.1240
20220714,0.0041,-0.4069,-0.5633,0.0353,0.6915,0.7651
20220715,0.0041,1.9543,0.2139,-0.4235,-0.0771,0.1716
20220718,0.0041,-0.7084,0.3412,0.0805,0.0709,-0.2219
20220719,0.0041,2.8049,0.8491,-0.4741,-0.4712,0.0557
20220720,0.0041,0.8945,0.5543,-1.3882,-1.6303,-0.1008
20220721,0.0041,0.9724,-0.3685,-0.8340,0.1778,0.7967
20220722,0.0041,-1.1881,-0.7042,1.2997,1.6818,0.3056
20220725,0.0041,0.1144,0.2314,0.4765,0.3514,0.0587
20220726,0.0041,-1.3193,0.4779,1.1562,0.6319,-0.0069
20220727,0.0041,2.7164,-0.1157,-1.4124,-0.7183,0.9287
20220728,0.0041,1.1938,-0.2841,-0.5287,0.0760,-0.0924
20220729,0.0041,1.4409,-1.2184,-1.4897,-0.7428,0.7376
20220801,0.0083,-0.1935,0.0669,0.1950,0.2961,-0.5236
20220802,0.0083,-0.4884,0.1793,-0.0982,-1.6314,-0.8975
20220803,0.0083,1.6726,-0.1257,-0.6648,-1.6296,-0.0857
20220804,0.0083,-0.0602,0.4549,-0.8497,-0.7428,-0.4139
20220805,0.0083,-0.0457,0.9401,-0.1265,-1.2739,-1.2442
20220808,0.0083,0.0053,0.9558,0.5512,-0.1357,-0.9376
20220809,0.0083,-0.6788,-1.1384,1.1470,0.6166,0.3677
20220810,0.0083,2.3565,0.6131,-1.2261,-1.1550,-0.5243
20220811,0.0083,-0.0700,0.5526,1.0898,1.0486,-0.0085
20220812,0.0083,1.7660,0.4294,-0.5588,-0.4386,-0.2753
20220815,0.0083,0.3812,-0.2684,-0.1213,-0.2338,0.1298
20220816,0.0083,0.1869,-0.0384,0.6300,0.8328,0.0608
20220817,0.0083,-0.9307,-0.6780,0.6702,0.9794,0.8635
20220818,0.0083,0.2680,0.5879,-0.0291,0.8133,0.8183
20220819,0.0083,-1.4995,-0.8164,1.2152,0.9658,0.5924
20220822,0.0083,-2.1374,0.1037,0.3581,0.5264,0.2556
20220823,0.0083,-0.1107,0.2137,-0.0859,-0.1687,-0.5840
20220824,0.0083,0.3986,0.4091,-0.5156,-1.2527,-0.9188
20220825,0.0083,1.4514,0.2622,-0.4553,0.2361,0.2312
20220826,0.0083,-3.3758,-0.1702,0.7957,0.4909,-0.1047
20220829,0.0083,-0.7160,-0.3214,0.4573,0.0078,-0.1983
20220830,0.0083,-1.1120,-0.6189,0.1791,-0.1785,0.1065
20220831,0.0083,-0.7396,0.0177,0.0384,-0.8285,-0.3131
20220901,0.0092,-0.0102,-1.2157,0.7602,-0.3610,-0.0693
20220902,0.0092,-0.9924,0.3441,0.1755,0.6251,0.0244
20220906,0.0092,-0.5104,-0.6358,-0.4076,0.5937,0.1288
20220907,0.0092,1.9192,0.1290,-0.3019,-1.4714,-0.8141
20220908,0.0092,0.7801,-0.4109,-1.0888,-0.8587,-0.6261
20220909,0.0092,1.6738,0.4442,-0.4907,0.0679,0.1056
20220912,0.0092,1.0699,0.3311,-0.1933,-0.2936,-0.1266
20220913,0.0092,-4.2876,0.1505,0.9969,0.3673,-0.1796
20220914,0.0092,0.4436,-0.3729,-0.4234,0.2523,0.1505
20220915,0.0092,-1.0285,0.3899,0.1384,-0.4651,-0.7565
20220916,0.0092,-0.9848,-0.8470,0.4705,0.8918,0.7679
20220919,0.0092,0.7196,0.0175,-0.0938,0.7640,0.2113
20220920,0.0092,-1.1574,-0.5112,0.3896,0.2529,0.4133
20220921,0.0092,-1.6777,0.2193,0.1747,0.4953,0.3763
20220922,0.0092,-1.1415,-1.0620,0.9946,0.5207,0.9319
20220923,0.0092,-1.8483,-1.0270,-0.1638,-0.6739,0.5201
20220926,0.0092,-1.0168,-0.3071,-0.3652,-0.1675,0.6473
20220927,0.0092,-0.0465,0.8148,-0.9174,0.3408,0.3133
20220928,0.0092,2.1492,1.2037,-0.7527,0.1379,-0.3627
20220929,0.0092,-2.1688,-0.1674,0.4876,0.3529,0.7295
20220930,0.0092,-1.4236,0.6900,0.1068,-0.1611,-0.5223
20221003,0.0111,2.5501,0.4782,0.1453,0.5469,0.1451
20221004,0.0111,3.2945,0.8520,-0.1320,-0.7300,-1.1764
20221005,0.0111,-0.2213,-0.2737,0.2239,0.4288,0.6912
20221006,0.0111,-0.8570,0.6297,-0.5691,0.4874,0.5240
20221007,0.0111,-2.9043,0.0843,1.3316,1.1656,0.3261
20221010,0.0111,-0.8052,0.2783,0.5147,1.0435,0.1969
20221011,0.0111,-0.6923,0.4564,0.8316,0.4330,-0.0164
20221012,0.0111,-0.2725,-0.0040,0.1520,0.2267,0.3639
20221013,0.0111,2.4065,-0.0245,0.9259,0.6956,0.3171
20221014,0.0111,-2.4544,-0.2971,1.6539,-0.3210,-0.3273
20221017,0.0111,2.7364,0.2841,-1.3599,-0.6174,0.0722
20221018,0.0111,1.1885,0.0433,0.0426,-0.3578,-0.7364
20221019,0.0111,-0.8675,-1.0592,0.6118,1.3145,0.9853
20221020,0.0111,-0.8056,-0.1115,0.1735,-0.7388,-0.5540
20221021,0.0111,2.2983,0.0699,-0.3228,0.6443,0.2335
20221024,0.0111,1.0298,-0.4648,0.3921,0.9123,0.7874
20221025,0.0111,1.7804,1.1440,-1.2402,-0.7523,-0.5466
20221026,0.0111,-0.6564,0.9011,1.0856,-0.3090,-1.3469
20221027,0.0111,-0.5351,0.5591,1.0320,0.0698,-0.7189
20221028,0.0111,2.3248,0.1826,0.7955,0.2199,-0.1043
20221031,0.0111,-0.6744,0.7149,0.4928,0.2448,-0.1250
20221101,0.0136,-0.3525,0.9133,0.2423,0.3417,-0.5606
20221102,0.0136,-2.6683,-0.8338,1.3697,-0.0575,-0.5227
20221103,0.0136,-1.0277,0.7620,0.2504,0.9657,-0.1486
20221104,0.0136,1.1579,-0.1426,0.8437,1.4995,0.6835
20221107,0.0136,0.8676,-0.1030,0.6966,0.5703,0.3646
20221108,0.0136,0.5040,-0.5803,0.0332,-0.1705,0.0328
20221109,0.0136,-2.2493,-0.7216,1.1569,-0.0240,0.0656
20221110,0.0136,5.6845,0.6130,-3.2579,-1.6585,0.2842
20221111,0.0136,1.0667,-0.0770,-1.2952,-1.3909,-0.1724
20221114,0.0136,-0.9521,-0.2346,0.4822,0.4522,0.2366
20221115,0.0136,1.0302,0.3216,-0.8095,-0.2160,-0.0176
20221116,0.0136,-1.0321,-0.8474,1.1727,0.8168,0.3756
20221117,0.0136,-0.4233,-0.1559,0.7256,1.0939,0.5566
20221118,0.0136,0.3968,0.1433,0.6484,0.3743,-0.1121
20221121,0.0136,-0.5260,-0.2033,1.2711,0.7061,0.1946
20221122,0.0136,1.3569,-0.3055,-0.1863,0.5858,0.4864
20221123,0.0136,0.6307,-0.5029,-0.7256,-0.6431,-0.2633
20221125,0.0136,-0.0246,0.2831,0.1841,-0.1462,-0.4516
20221128,0.0136,-1.5481,-0.6496,0.1722,0.2238,0.2654
20221129,0.0136,-0.1840,0.5132,0.3602,0.0555,-0.4597
20221130,0.0136,3.1205,-0.3620,-1.6917,-1.0990,0.5114
20221201,0.0161,-0.0247,-0.2221,-0.3317,-0.3251,-0.0090
20221202,0.0161,-0.0802,0.8130,0.5135,-0.5250,-0.7811
20221205,0.0161,-2.0226,-0.4601,0.9866,0.3384,0.3443
20221206,0.0161,-1.5124,0.0419,0.6274,0.9705,0.0165
20221207,0.0161,-0.2432,-0.4089,0.0724,0.4148,0.2678
20221208,0.0161,0.7653,-0.3741,-0.6963,-0.4915,0.3573
20221209,0.0161,-0.8003,-0.7068,0.0965,0.0086,0.0328
20221212,0.0161,1.4065,-0.0973,-0.0713,-0.3090,-0.1079
20221213,0.0161,0.6570,0.0885,-0.5513,-0.5359,0.4842
20221214,0.0161,-0.5650,0.2965,-0.0917,0.1696,-0.1991
20221215,0.0161,-2.5683,0.1127,0.2309,0.7138,0.0356
20221216,0.0161,-1.0165,0.6516,0.5352,-0.2610,-0.3335
20221219,0.0161,-1.0058,-0.5560,0.9703,0.8934,0.2771